{"name":"2b4c56e8-c976-400f-b1cd-dad00d7e67c6","id":"/providers/Microsoft.Flow/flows/2b4c56e8-c976-400f-b1cd-dad00d7e67c6","type":"Microsoft.Flow/flows","properties":{"apiId":"/providers/Microsoft.PowerApps/apis/shared_logicflows","displayName":"Archive one list another list","definition":{"metadata":{"workflowEntityId":null,"processAdvisorMetadata":null,"flowChargedByPaygo":null,"flowclientsuspensionreason":"None","flowclientsuspensiontime":null,"flowclientsuspensionreasondetails":null,"creator":{"id":"759158d2-e60c-44d9-aa67-e8abc5bfdde9","type":"User","tenantId":"41c28698-5fc9-4143-9f34-255d95ebf0e3"},"provisioningMethod":"FromDefinition","failureAlertSubscription":true,"clientLastModifiedTime":"2023-08-18T19:12:21.3908275Z"},"$schema":"https://schema.management.azure.com/providers/Microsoft.Logic/schemas/2016-06-01/workflowdefinition.json#","contentVersion":"1.0.0.0","parameters":{"$connections":{"defaultValue":{},"type":"Object"},"$authentication":{"defaultValue":{},"type":"SecureObject"}},"triggers":{"When_an_item_is_created_or_modified":{"recurrence":{"frequency":"Minute","interval":5},"splitOn":"@triggerOutputs()?['body/value']","metadata":{"operationMetadataId":"bfb930d2-e174-44a6-b945-47f0bf7ffab3"},"type":"OpenApiConnection","inputs":{"host":{"apiId":"/providers/Microsoft.PowerApps/apis/shared_sharepointonline","connectionName":"shared_sharepointonline","operationId":"GetOnUpdatedItems"},"parameters":{"dataset":"https://0pqwz.sharepoint.com/sites/LPA","table":"f5dfacb2-1c3a-4031-819f-ea08efaa65ab"},"authentication":"@parameters('$authentication')"}}},"actions":{"Condition":{"actions":{"Create_item":{"runAfter":{},"metadata":{"operationMetadataId":"c893ad0c-f9ff-4966-a262-874db794ce44"},"type":"OpenApiConnection","inputs":{"host":{"apiId":"/providers/Microsoft.PowerApps/apis/shared_sharepointonline","connectionName":"shared_sharepointonline","operationId":"PostItem"},"parameters":{"dataset":"https://0pqwz.sharepoint.com/sites/LPA","table":"1208b4d1-13f6-4cb8-9f6a-a352e9e3e5db","item/Title":"@triggerOutputs()?['body/Title']","item/Person":"@triggerOutputs()?['body/Person']","item/Domain":"@triggerOutputs()?['body/Domain']","item/Industry":"@triggerOutputs()?['body/Industry']","item/YearExp":"@triggerOutputs()?['body/YearExp']"},"authentication":"@parameters('$authentication')"}},"Get_attachments":{"runAfter":{"Create_item":["Succeeded"]},"metadata":{"operationMetadataId":"b17e987c-3774-4acf-a906-f7075203f90f"},"type":"OpenApiConnection","inputs":{"host":{"apiId":"/providers/Microsoft.PowerApps/apis/shared_sharepointonline","connectionName":"shared_sharepointonline","operationId":"GetItemAttachments"},"parameters":{"dataset":"https://0pqwz.sharepoint.com/sites/LPA","table":"f5dfacb2-1c3a-4031-819f-ea08efaa65ab","itemId":"@triggerOutputs()?['body/ID']"},"authentication":"@parameters('$authentication')"}},"Apply_to_each":{"foreach":"@body('Get_attachments')","actions":{"Compose":{"runAfter":{},"metadata":{"operationMetadataId":"d6f2ab37-01b9-4229-973b-2bf65fa8c338"},"type":"Compose","inputs":"@{item()?['Id']}@{item()?['DisplayName']}"},"Get_attachment_content":{"runAfter":{"Compose":["Succeeded"]},"metadata":{"operationMetadataId":"d015199f-64d0-4b9d-89ad-9ab8a5872f57"},"type":"OpenApiConnection","inputs":{"host":{"apiId":"/providers/Microsoft.PowerApps/apis/shared_sharepointonline","connectionName":"shared_sharepointonline","operationId":"GetAttachmentContent"},"parameters":{"dataset":"https://0pqwz.sharepoint.com/sites/LPA","table":"f5dfacb2-1c3a-4031-819f-ea08efaa65ab","itemId":"@triggerOutputs()?['body/ID']","attachmentId":"@item()?['Id']"},"authentication":"@parameters('$authentication')"}},"Add_attachment":{"runAfter":{"Get_attachment_content":["Succeeded"]},"metadata":{"operationMetadataId":"f8353184-647c-4fb7-9ab9-077c70c0adce"},"type":"OpenApiConnection","inputs":{"host":{"apiId":"/providers/Microsoft.PowerApps/apis/shared_sharepointonline","connectionName":"shared_sharepointonline","operationId":"CreateAttachment"},"parameters":{"dataset":"https://0pqwz.sharepoint.com/sites/LPA","table":"1208b4d1-13f6-4cb8-9f6a-a352e9e3e5db","itemId":"@outputs('Create_item')?['body/ID']","displayName":"@item()?['DisplayName']","body":"@body('Get_attachment_content')"},"authentication":"@parameters('$authentication')"}}},"runAfter":{"Get_attachments":["Succeeded"]},"metadata":{"operationMetadataId":"d1db1e87-bc79-4254-a579-d5c8a28ec4df"},"type":"Foreach"}},"runAfter":{},"expression":{"equals":["@triggerOutputs()?['body/{HasAttachments}']","@true"]},"metadata":{"operationMetadataId":"427fa2f3-a04a-4ec5-a0be-0c91bd8c1338"},"type":"If"}}},"connectionReferences":{"shared_sharepointonline":{"connectionName":"a0cc35b790524977be01e29935278759","source":"Embedded","id":"/providers/Microsoft.PowerApps/apis/shared_sharepointonline","tier":"NotSpecified"}},"flowFailureAlertSubscribed":false,"isManaged":false}}